Evento;Data;Resumo;Fonte 1;Fonte 2;Grau de Evidência;Dano Social;Status;País;Categoria;Prioridade de Verificação
Illuminati (mito moderno sobre controle global);1776–presente;"Origens no bávaro Illuminati (1776); transformou-se em mito de um suposto grupo controlando elites.";https://en.wikipedia.org/wiki/Illuminati;https://www.britannica.com/topic/Illuminati;Baixa;Moderado;Desmentida;;;
Protocols of the Elders of Zion (fraude antissemita);c.1903–1917;"Documento forjado que alegava um plano judaico de dominação mundial; foi usado como propaganda antissemita.";https://en.wikipedia.org/wiki/The_Protocols_of_the_Elders_of_Zion;https://encyclopedia.ushmm.org/content/en/article/protocols-of-the-elders-of-zion;Alta (fraude documentada);Alto;Comprovada;;;
Freemasons (teorias conspiratórias);séculos XVIII–presente;"Organização fraternal com rituais secretos; alvo de alegações de influência oculta em governos e eventos.";https://en.wikipedia.org/wiki/Freemasonry;https://www.britannica.com/topic/Freemasonry;Baixa;Moderado;Desmentida;;;
Reichstag Fire (suspeita de 'false flag');27 Feb 1933;"Incêndio no parlamento alemão; alguns acusaram os nazistas de orquestrar o ataque como pretexto para repressão.";https://en.wikipedia.org/wiki/Reichstag_fire;https://www.britannica.com/event/Reichstag-fire;Média;Alto;Parcialmente confirmada;;;
Operation Northwoods (proposta de false-flag — não executada);1962 (desclassificado 1997);"Planos propostos internamente por militares dos EUA para encenarem incidentes contra civis como pretexto para ação contra Cuba; não aprovados.";https://en.wikipedia.org/wiki/Operation_Northwoods;https://nsarchive2.gwu.edu/news/20010430/northwoods.pdf;Alta (documentado);Moderado;Comprovada;;;
Gulf of Tonkin incident (relatos usados para escalada);2–4 Aug 1964;"Relatos de ataques a navios dos EUA que levaram à resolução do Golfo de Tonkin; mais tarde revelaram-se relatórios duvidosos.";https://en.wikipedia.org/wiki/Gulf_of_Tonkin_incident;https://nsarchive2.gwu.edu/NSAEBB/NSAEBB132/index.htm;Média;Alto;Parcialmente confirmada;;;
Operation Gladio / 'stay-behind' networks;pós-1940s ? 1990s (exposições);"Redes clandestinas anticomunistas na Europa apoiadas por agências ocidentais; alegações de envolvimento em atentados em alguns países.";https://en.wikipedia.org/wiki/Operation_Gladio;https://www.europarl.europa.eu/doceo/document/A-6-2007-0020_EN.html;Alta (documentos/inquéritos);Alto;Parcialmente confirmada;;;
MK-Ultra (programa CIA de pesquisa comportamental);1950s–1960s (desclassificado);"Programa da CIA que pesquisou LSD e técnicas de controlo mental, por vezes com sujeitos não informados; confirmado por documentos e comissões.";https://en.wikipedia.org/wiki/MKUltra;https://www.cia.gov/readingroom/document/06760269;Alta (documentado);Alto;Comprovada;;;
Tuskegee Syphilis Study (experimento médico antiético);1932–1972;"Estudo em que tratamento foi retido de participantes afro-americanos para observar a progressão da sífilis; caso real e escândalo ético.";https://en.wikipedia.org/wiki/Tuskegee_Syphilis_Study;https://www.cdc.gov/tuskegee/about/index.html;Alta (documentado);Extremo;Comprovada;;;
Assassination of John F. Kennedy (teorias diversas);22 Nov 1963;"Muitas teorias (CIA, máfia, Cuba, encobrimento); versão oficial (Warren Commission) diz que Lee Harvey Oswald agiu sozinho, mas dúvidas persistem.";https://en.wikipedia.org/wiki/Assassination_of_John_F._Kennedy;https://www.archives.gov/research/jfk/warren-commission-report;Média;Alto;Inconclusiva;;;
Assassination of Martin Luther King Jr. (teorias de conspiração);4 Apr 1968;"Dúvidas sobre possíveis conspiradores além do atirador condenado; investigações oficiais e pedidos de reabertura surgiram ao longo dos anos.";https://en.wikipedia.org/wiki/Assassination_of_Martin_Luther_King_Jr.;https://www.britannica.com/event/assassination-of-Martin-Luther-King-Jr;Média;Alto;Parcialmente confirmada;;;
Assassination of Robert F. Kennedy (teorias);5 Jun 1968;"Dúvidas e teorias sobre conspiração além de Sirhan Sirhan; estudos e investigações continuam a atrair teorias.";https://en.wikipedia.org/wiki/Assassination_of_Robert_F._Kennedy;https://www.britannica.com/event/assassination-of-Robert-F-Kennedy;Média;Alto;Inconclusiva;;;
Abraham Lincoln assassination (teorias sobre conspiração maior);14 Apr 1865;"John Wilkes Booth e rede de conspiradores; há discussões históricas sobre extensão da conspiração entre confederados.";https://en.wikipedia.org/wiki/Assassination_of_Abraham_Lincoln;https://www.britannica.com/event/assassination-of-Abraham-Lincoln;Alta (documentado juridicamente);Alto;Comprovada;;;
Pearl Harbor (teorias de conhecimento prévio);7 Dec 1941;"Há teorias de que o governo dos EUA tinha conhecimento prévio; historiografia dominante indica falhas de inteligência, enquanto alegações de conspiração ampla são contestadas.";https://en.wikipedia.org/wiki/Attack_on_Pearl_Harbor;https://www.archives.gov/research/military/ww2/pearl-harbor;Média;Alto;Parcialmente confirmada;;;
RMS Titanic (teorias: sabotagem, troca com Olympic, etc.);14 Apr 1912;"Várias teorias incluem sabotagem, troca de navio e conspirações de seguro; versão histórica aponta iceberg e falhas estruturais.";https://en.wikipedia.org/wiki/RMS_Titanic_conspiracy_theories;https://www.britannica.com/topic/Titanic-ship;Baixa;Moderado;Desmentida;;;
TWA Flight 800 (teorias de míssil);17 Jul 1996;"Acusações de que o avião foi derrubado por míssil; investigação oficial (NTSB) citou explosão de tanque de combustível como causa.";https://en.wikipedia.org/wiki/TWA_Flight_800_conspiracy_theories;https://www.ntsb.gov/investigations/Pages/TWA800.aspx;Baixa;Moderado;Desmentida;;;
Pan Am Flight 103 / Lockerbie (teorias alternativas);21 Dec 1988;"Conspirações sobre verdadeiros responsáveis e encobrimentos; investigação condenou agentes envolvidos (Metabólico) mas teorias alternativas persistem.";https://en.wikipedia.org/wiki/Pan_Am_Flight_103_conspiracy_theories;https://www.bbc.com/news/uk-scotland-south-scotland-21253620;Média;Alto;Parcialmente confirmada;;;
Malaysia Airlines MH370 (desaparecimento) — teorias de ocultamento/abate;8 Mar 2014;"Desaparecimento inexplicado que gerou diversas teorias (sequestro, abate, encobrimento); investigação oficial não localizou a aeronave por completo.";https://en.wikipedia.org/wiki/Malaysia_Airlines_Flight_370_disappearance;https://www.bbc.com/news/world-asia-26503141;Baixa;Alto;Inconclusiva;;;
Malaysia Airlines MH17 (abate sobre Ucrânia) — teorias rivais;17 Jul 2014;"Aeronave derrubada sobre Ucrânia; investigações apontaram um míssil Buk; teorias russas/alternativas tentaram atribuir culpa diversa.";https://en.wikipedia.org/wiki/Malaysia_Airlines_Flight_17;https://www.bbc.com/news/world-europe-28357880;Alta (investigação internacional);Alto;Comprovada;;;
Roswell UFO incident (queda/encobrimento UFO);July 1947;"Resíduos recuperados em Roswell geraram alegações de disco voador e encobrimento militar; explicações oficiais citam balão do Projeto Mogul.";https://en.wikipedia.org/wiki/Roswell_UFO_incident;https://www.af.mil/The-Roswell-Report/;Baixa;Moderado;Desmentida;;;
Area 51 (base militar e lendas UFO);anos 1950–present;"Base secreta de testes que alimentou histórias sobre tecnologia alienígena; desclassificações confirmaram testes de aeronaves secretas.";https://en.wikipedia.org/wiki/Area_51;https://www.britannica.com/place/Area-51;Média;Moderado;Parcialmente confirmada;;;
Apollo Moon landing hoax theories;1969–present;"Alegações de que as missões Apollo foram forjadas; evidências científicas e independentes refutam; porém teoria persiste em grupos negacionistas.";https://en.wikipedia.org/wiki/Moon_landing_conspiracy_theories;https://www.rmg.co.uk/stories/space-astronomy/moon-landing-conspiracy-theories-debunked;Alta (evidência física);Moderado;Desmentida;;;
9/11 conspiracy theories (inside job, controlled demolition);11 Sep 2001;"Várias teorias alternativas sobre autoria/encobrimento dos ataques; comissão 9/11 atribuiu ataques a Al-Qaeda; debates técnicos persistem entre crentes.";https://en.wikipedia.org/wiki/9/11_conspiracy_theories;https://www.9-11commission.gov/report/911Report.pdf;Média;Extremo;Inconclusiva;;;
Oklahoma City bombing (teorias de encobrimento);19 Apr 1995;"Atentado por Timothy McVeigh; teorias alegaram participação de grupos armados/encobrimento governamental; investigações centram-se em insurreição extremista.";https://en.wikipedia.org/wiki/Oklahoma_City_bombing_conspiracy_theories;https://www.britannica.com/event/Oklahoma-City-bombing;Baixa;Alto;Desmentida;;;
Sandy Hook shooting hoax claims;14 Dec 2012;"Numerosas alegações de encenação que resultaram em assédio às famílias e processos judiciais; propagadores foram responsabilizados legalmente.";https://en.wikipedia.org/wiki/Sandy_Hook_Elementary_School_shooting_conspiracy_theories;https://www.reuters.com/world/us/judge-blocks-sandy-hook-families-settlement-alex-jones-bankruptcy-2025-02-05/;Baixa;Extremo;Desmentida;;;
2017 Las Vegas shooting (teorias alternativas);1 Oct 2017;"Várias teorias sobre número de atiradores e conspiração governamental; investigação oficial atribuiu a um atirador solitário.";https://en.wikipedia.org/wiki/2017_Las_Vegas_shooting_conspiracy_theories;https://www.reviewjournal.com/local/the-strip/mandalay-bay-shooter-suspected-in-las-vegas-shooting-1510176/;Baixa;Moderado;Desmentida;;;
Pizzagate (teorias de rede infantil ligada a políticos);2016;"Reivindicações online sobre tráfico infantil ligado a elites; culminou em ação armada em pizzaria e foi desmentida por investigação jornalística.";https://en.wikipedia.org/wiki/Pizzagate;https://www.washingtonpost.com/news/local/wp/2016/12/06/what-is-pizzagate-how-a-conspiracy-theory-took-hold-of-a-popular-internet-forum-and-led-to-a-shooting/;Baixa;Alto;Desmentida;;;
QAnon (rede de teorias sobre elite pedófila);2017–present;"Conjunto de teorias que alegam uma 'deep state' de elites satânicas; originou-se online e levou a atos violentos e politização extrema.";https://www.britannica.com/topic/QAnon;https://www.nytimes.com/2021/01/11/us/politics/qanon.html;Baixa;Extremo;Desmentida;;;
Vaccines-autism claim (Wakefield);1998 (paper) ? 2010 retraction;"Estudo fraudulento sugeriu ligação entre vacina MMR e autismo; retraction e vasta evidência científica rejeitam relação; gerou movimento antivacina.";https://en.wikipedia.org/wiki/Lancet_MMR_autism_fraud;https://www.cdc.gov/vaccinesafety/concerns/autism.html;"Alta (fraude documentada; evidência contrária)";Extremo;Desmentida;;;
COVID-19 origin theories (lab leak vs zoonosis);2019–present;"Discussões entre hipóteses zoonóticas e acidente de laboratório; investigações e relatórios continuam sem consenso definitivo.";https://en.wikipedia.org/wiki/COVID-19_origins_investigation;https://cdn.who.int/media/docs/default-source/documents/epp/sago/independent-assessment-of-the-origins-of-sars-cov-2-by-sago.pdf;Média;Alto;Inconclusiva;;;
HAARP (conspirações de controle climático);1990s–present;"Programa de pesquisa ionosférica frequentemente acusado de causar terremotos/clima; cientistas explicam limitações técnicas do HAARP.";https://en.wikipedia.org/wiki/High-frequency_Active_Auroral_Research_Program;https://haarp.gi.alaska.edu/;Baixa;Baixo;Desmentida;;;
Chemtrails (aeronaves pulverizando substâncias);1990s–present;"Teoria sugere que trilhas de condensação são substâncias químicas pulverizadas; estudos científicos mostram que são contrails de vapor d'água.";https://en.wikipedia.org/wiki/Chemtrail_conspiracy_theory;https://www.scientificamerican.com/article/debunking-chemtrail-theories/;Baixa;Moderado;Desmentida;;;
AIDS origin conspiracies (arma biológica);1980s–1990s;"Teorias alegaram que HIV foi criado ou disseminado deliberadamente; evidências genéticas e epidemiológicas apoiam origem zoonótica.";https://en.wikipedia.org/wiki/Origins_of_HIV_and_SIV;https://www.nature.com/articles/d42859-018-00008-6;Baixa;Alto;Desmentida;;;
Bilderberg / 'New World Order' narratives;1954–present;"Reuniões privadas de elites alimentaram teorias sobre controle global; encontros existem, mas provas de dominação unificada são fracas.";https://en.wikipedia.org/wiki/Bilderberg_Group;https://www.reuters.com/world/bilderberg-group-meets-sweden-amid-us-europe-tensions-2025-06-12/;Baixa;Moderado;Desmentida;;;
Princess Diana death conspiracy theories;31 Aug 1997;"Acidente de carro causou teorias de assassinato e encobrimento; investigações britânicas concluíram acidente por motorista embriagado e paparazzi.";https://en.wikipedia.org/wiki/Death_of_Diana,_Princess_of_Wales_conspiracy_theories;https://www.bbc.co.uk/news/uk-39442232;Baixa;Alto;Desmentida;;;
Jeffrey Epstein death theories;10 Aug 2019;"Morte em prisão que gerou alegações de assassinato e encobrimento devido a ligações com figuras poderosas; inquéritos e debates continuam.";https://en.wikipedia.org/wiki/Jeffrey_Epstein_death_conspiracy_theories;https://www.nytimes.com/2019/08/10/nyregion/jeffrey-epstein-suicide.html;Média;Alto;Inconclusiva;;;
Iran–Contra Affair (escândalo e teorias de encobrimento);mid-1980s;"Venda secreta de armas ao Irã e financiamento de Contras; confirmado por investigações e audiências públicas.";https://en.wikipedia.org/wiki/Iran%E2%80%93Contra_affair;https://www.britannica.com/event/Iran-Contra-Affair;Alta (documentado);Alto;Comprovada;;;
Operation Mockingbird (alegações sobre controle da mídia);Cold War era;"Alegações de que a CIA influenciou jornalistas; documentos do Church Committee mostram casos de cooperação, embora escopo seja debatido.";https://en.wikipedia.org/wiki/Operation_Mockingbird;https://levin-center.org/frank-church-and-the-church-committee/;Média;Moderado;Parcialmente confirmada;;;
COINTELPRO (programa FBI de infiltração e desestabilização);1956–1971;"Programa do FBI para monitorar e minar grupos políticos; documentos confirmam práticas ilegais e operações encobertas.";https://en.wikipedia.org/wiki/COINTELPRO;https://www.britannica.com/topic/COINTELPRO;Alta (documentado);Alto;Comprovada;;;
Watergate (escândalo real);1972–1974;"Arrombamento e encobrimento político que levou à renúncia de Nixon; inicialmente visto por alguns como teoria do complô, depois comprovada.";https://en.wikipedia.org/wiki/Watergate_scandal;https://www.archives.gov/research/investigations/watergate;Alta (documentado);Alto;Comprovada;;;
Operation Paperclip (integração de cientistas nazistas nos EUA);pós-1945;"Programa secreto para recrutar cientistas alemães; confirmado por documentos e estudos históricos.";https://en.wikipedia.org/wiki/Operation_Paperclip;https://www.britannica.com/event/Operation-Paperclip;Alta;Moderado;Comprovada;;;
Operation Condor (represália na América do Sul);anos 1970;"Campanha coordenada de repressão estatal e violência em países sul-americanos; documentos confirmam participação de agências e violações.";https://en.wikipedia.org/wiki/Operation_Condor;https://nsarchive2.gwu.edu/NSAEBB/NSAEBB466/;Alta;Extremo;Comprovada;;;
Downing Street memo / pretexto para invasão do Iraque;2003/2005 (revelação);"Documentos sugeriram que inteligência tinha sido ajustada para apoiar a invasão do Iraque; alimentou teorias de manipulação política.";https://en.wikipedia.org/wiki/Downing_Street_memo;https://www.theguardian.com/world/2005/may/01/iraq.politics;Média;Alto;Parcialmente confirmada;;;
Iraq WMD claims and controversy;2003;"Alega-se que inteligência foi manipulada para justificar a guerra; inquéritos (Chilcot, etc.) discutem falhas e manipulação de informações.";https://en.wikipedia.org/wiki/2003_invasion_of_Iraq#Weapons_of_mass_destruction;https://www.gov.uk/government/publications/the-report-of-the-iraq-inquiry-chilcot-report;Média;Extremo;Parcialmente confirmada;;;
Ruby Ridge standoff (teorias de ação governamental);1992;"Confronto entre forças federais e tupple; gerou teorias sobre uso excessivo de força e encobrimento; investigações criticaram operações.";https://en.wikipedia.org/wiki/Ruby_Ridge;https://www.britannica.com/event/Ruby-Ridge-standoff;Média;Moderado;Parcialmente confirmada;;;
Waco Siege (1993) — teorias sobre operação governamental;19 Apr 1993;"Cerco a complexo do Branch Davidian que terminou em fogo e mortes; debate sobre ação do governo e cobertura mediática gerou teorias e inquéritos.";https://en.wikipedia.org/wiki/Waco_siege;https://www.britannica.com/event/Waco-siege;Média;Alto;Parcialmente confirmada;;;
Jonestown massacre (teorias sobre crescimentos e potências por trás);18 Nov 1978;"Envolvimento de Jim Jones e seguidores; teorias menores sobre manipulações externas surgiram, mas o evento é documentado como suicídio/assassinato em massa.";https://en.wikipedia.org/wiki/Jonestown;https://www.britannica.com/event/Jonestown;Alta (documentado);Alto;Comprovada;;;
'Paul is dead' (conspiração sobre Paul McCartney);1969;"Rumores de que Paul McCartney teria morrido e sido substituído por sósia; teoria já desacreditada.";https://en.wikipedia.org/wiki/Paul_is_dead;https://www.bbc.com/news/entertainment-arts-37216063;Baixa;Baixo;Desmentida;;;
Shakespeare authorship question (teoria conspiratória);séculos 16–17 / modern revival;"Alegações de que Shakespeare não escreveu as obras atribuídas a ele; vários candidatos alternativos sugeridos, sem consenso acadêmico.";https://en.wikipedia.org/wiki/Shakespeare_authorship_question;https://www.britannica.com/topic/William-Shakespeare;Baixa;Moderado;Desmentida?;;;
Black helicopters (teoria antigovernamental);1960s–present;"Lenda de helicópteros negros usados por forças internacionais para impor controle; expressão para teorias antigoverno";https://en.wikipedia.org/wiki/Black_helicopter;https://www.theatlantic.com/magazine/archive/2011/12/you-are-being-watched/308690/;Baixa;Baixo;Desmentida;;;
Great Replacement (teoria de substituição demográfica);século XXI (popularizada 2010s);"Ideia conspiratória de que elites promovem imigração para substituir populações nativas; ligada a ideologias de extrema?direita.";https://en.wikipedia.org/wiki/Great_Replacement;https://www.adl.org/resources/backgrounders/great-replacement-conspiracy-theory;Baixa;Extremo;Desmentida;;;
Deep state (teoria de 'estado profundo');século XXI;"Conceito de que burocracias e forças ocultas controlam decisões independentemente de governos eleitos; usado politicamente.";https://en.wikipedia.org/wiki/Deep_state;https://www.britannica.com/topic/deep-state;Baixa;Moderado;Desmentida;;;
Barack Obama 'birther' conspiracy;2008–2016;"Alegações de que Obama não nasceu nos EUA; amplamente desacreditada e desmentida por certidão e checagem de fatos.";https://en.wikipedia.org/wiki/Obama_birth_certificate_conspiracy_theories;https://www.bbc.com/news/world-us-canada-39378280;Baixa;Moderado;Desmentida;;;
2016 US election conspiracies / Pizzagate overlap;2016;"Teorias sobre manipulação eleitoral e elite; incluiu Pizzagate e outras acusações online.";https://en.wikipedia.org/wiki/2016_United_States_presidential_election_conspiracy_theories;https://www.nytimes.com/2016/12/08/us/politics/conspiracy-theories-pizzagate.html;Baixa;Alto;Desmentida;;;
2020 US election fraud claims;Nov 2020–2021;"Alegações amplas de fraude sem evidência suficiente em tribunais; resultaram em desafios políticos e violência (ex. 6 Jan 2021).";https://en.wikipedia.org/wiki/2020_United_States_presidential_election_conspiracy_theories;https://www.reuters.com/article/us-usa-election-factbox/factbox-what-election-fraud-claims-have-been-made-and-how-have-they-fared-in-court-idUSKBN27P2ET;Baixa;Extremo;Desmentida;;;
JFK Jr. death theories (1999 plane crash);16 Jul 1999;"Morte em acidente aéreo gerou teorias de que teria sido assassinado; investigação oficial apontou acidente.";https://en.wikipedia.org/wiki/Death_of_John_F._Kennedy_Jr._conspiracy_theories;https://www.snopes.com/fact-check/jfk-jr-plane-crash/;Baixa;Moderado;Desmentida;;;
Marilyn Monroe death conspiracy theories;5 Aug 1962;"Teorias sobre assassinato envolvendo Kennedys; investigações oficiais catalogaram overdose de barbitúricos, embora dúvidas persistam.";https://en.wikipedia.org/wiki/Death_of_Marilyn_Monroe;https://www.britannica.com/biography/Marilyn-Monroe;Baixa;Moderado;Inconclusiva;;;
Kurt Cobain death conspiracy theories;5 Apr 1994;"Teorias de assassinato vs suicídio; investigações e coroners apontam suicídio, mas grupos céticos questionam evidências.";https://en.wikipedia.org/wiki/Death_of_Kurt_Cobain;https://www.bbc.com/news/entertainment-arts-27200113;Baixa;Moderado;Desmentida;;;
Black Dahlia (Elizabeth Short) murder theories;1947;"Misterioso assassinato de Elizabeth Short com várias teorias sobre autorias e encobrimentos; caso permanece sem solução definitiva.";https://en.wikipedia.org/wiki/Black_Dahlia;https://www.britannica.com/event/Black-Dahlia-murder;Baixa;Moderado;Inconclusiva;;;
JonBenet Ramsey disappearance/murder theories;25 Dec 1996;"Caso de criança famosa com múltiplas teorias (intruso, família, encobrimento); investigação e cobertura midiática complexa.";https://en.wikipedia.org/wiki/JonBenet_Ramsey;https://www.britannica.com/biography/JonBenet-Ramsey;Baixa;Moderado;Inconclusiva;;;
Madeleine McCann disappearance theories;3 May 2007;"Desaparecimento que gerou alegações variadas e teorias internacionais; investigações oficiais e cobertura intensa, sem conclusão final.";https://en.wikipedia.org/wiki/Disappearance_of_Madeleine_McCann;https://www.bbc.com/news/uk-39933673;Baixa;Moderado;Inconclusiva;;;
Loch Ness Monster (teorias de encobrimento e farsa);séculos (popularizado no séc. XX);"Relatos de criatura no lago Loch Ness; investigações científicas consideram explicações naturais e fraudes documentadas.";https://en.wikipedia.org/wiki/Loch_Ness_Monster;https://www.britannica.com/place/Loch-Ness;Baixa;Baixo;Desmentida;;;
Bermuda Triangle disappearances;século XX;"Região associada a desaparecimentos; análises meteorológicas e erros humanos explicam a maioria dos casos.";https://en.wikipedia.org/wiki/Bermuda_Triangle;https://oceanservice.noaa.gov/facts/bermudatri.html;Baixa;Baixo;Desmentida;;;
Flat Earth movement (convicção que Terra é plana);histórico ? revival c.2000s;"Movimento que alega que a Terra é plana e cientistas/governos encobrem; rejeitado por evidência científica abundante.";https://en.wikipedia.org/wiki/Flat_Earth;https://www.nature.com/articles/d41586-022-03917-3;Baixa;Baixo;Desmentida;;;
Reptilian elite (David Icke);décadas recentes;"Teoria de que elites são reptilianos metamórficos controlando governos; considerada pseudociência/fantasia.";https://en.wikipedia.org/wiki/David_Icke;https://www.theguardian.com/commentisfree/2016/sep/30/david-icke-reptiles-conspiracy-theories;Baixa;Baixo;Desmentida;;;
Holocaust denial (teoria de negação do genocídio);pós-1945;"Negacionismo que afirma falsidades sobre o Holocausto; rejeitado por vasta documentação e testemunhos.";https://en.wikipedia.org/wiki/Holocaust_denomination;https://encyclopedia.ushmm.org/content/en/article/holocaust-denial-and-distortion;Alta (documentação abundante);Extremo;Desmentida;;;
Satanic Panic / RITUAL ABUSE accusations;1980s–1990s;Pânico moral que levou a acusações de abuso ritual satânico geralmente infundadas e condenações controversas.;https://en.wikipedia.org/wiki/Satanic_panic;https://www.britannica.com/event/satanic-panic;Média;Alto;Parcialmente confirmada;;;
Birds Aren't Real (satirical conspiracy);2017–present;Movimento satírico que parodia teorias conspiratórias afirmando que pássaros foram substituídos por drones.;https://en.wikipedia.org/wiki/Birds_Aren%27t_Real;https://www.washingtonpost.com/lifestyle/2021/11/15/birds-arent-real-movement/;Baixa;Baixo;Desmentida (satírico);;;
Boston Marathon bombing conspiracy theories;15 Apr 2013;"Teorias alternativas sobre autores e encobrimentos surgiram online; investigação oficial responsabilizou os irmãos Tsarnaev.";https://en.wikipedia.org/wiki/2013_Boston_Marathon_bombing_conspiracy_theories;https://www.fbi.gov/history/famous-cases/boston-marathon-bombing;Baixa;Moderado;Desmentida;;;
2004 Madrid train bombings conspiracy theories;11 Mar 2004;"Teorias sobre autoria e possíveis encobrimentos políticas surgiram; investigações apontaram militantes islâmicos como responsáveis.";https://en.wikipedia.org/wiki/2004_Madrid_train_bombings_conspiracy_theories;https://www.bbc.com/news/world-europe-26405908;Baixa;Alto;Desmentida;;;
7/7 London bombings conspiracy theories;7 Jul 2005;"Teorias alternativas sobre origem dos atentados; inquéritos e investigações oficiais definiram autores terroristas sem provas de conspiração governamental.";https://en.wikipedia.org/wiki/7_July_2005_London_bombings_conspiracy_theories;https://www.bbc.com/news/uk-33222587;Baixa;Moderado;Desmentida;;;
Lusitania sinking (1915) — theories about sabotage/intentional sinking;7 May 1915;"Algumas teorias alegaram conspiração ou conhecimento prévio relacionado ao transporte de munições; historiografia discute contexto militar e riscos.";https://en.wikipedia.org/wiki/RMS_Lusitania;https://www.britannica.com/event/Lusitania-sinking;Média;Moderado;Parcialmente confirmada;;;
Assassination of Archduke Franz Ferdinand (1914) — theories of broader conspiracy;28 Jun 1914;"Atentado por Gavrilo Princip; narrativas conspiratórias sobre conivência sérvia existiram e influenciaram a escalada para guerra.";https://en.wikipedia.org/wiki/Assassination_of_Archduke_Franz_Ferdinand_of_Austria;https://www.britannica.com/event/assassination-of-Archduke-Franz-Ferdinand;Média;Extremo;Parcialmente confirmada;;;
Chernobyl disaster conspiracy theories;26 Apr 1986;"Teorias sobre encobrimentos e causas deliberadas; investigação aponta erro humano e falhas de projeto nuclear.";https://en.wikipedia.org/wiki/Chernobyl_disaster_conspiracy_theories;https://www.bbc.com/news/world-europe-40292349;Baixa;Alto;Desmentida;;;
Fukushima disaster conspiracy theories;11 Mar 2011;"Teorias sobre manipulação e encobrimentos; relatórios técnicos atribuem causa a tsunami e falhas, com debates sobre resposta e transparência.";https://en.wikipedia.org/wiki/Fukushima_Daiichi_nuclear_disaster;https://www.iaea.org/newscenter/focus/fukushima;Baixa;Moderado;Desmentida;;;
Bhopal disaster (conspiracy/coverup allegations);3 Dec 1984;"Acidente industrial na Índia gerou alegações de negligência corporativa e encobrimento; responsabilização legal e debates contínuos.";https://en.wikipedia.org/wiki/Bhopal_disaster;https://www.amnesty.org/en/latest/news/2014/12/bhopal-30-years-justice-not-fully-served/;Alta (evidência de negligência corporativa);Extremo;Parcialmente confirmada;;;
Kursk submarine sinking conspiracy theories;2000;"Afundamento do submarino russo levantou teorias sobre colisões, ataque estrangeiro ou falha interna; investigações apontaram acidente e atrasos na resposta.";https://en.wikipedia.org/wiki/Kursk_submarine_disaster;https://www.bbc.com/news/world-europe-11271802;Média;Moderado;Parcialmente confirmada;;;
Death of Pope John Paul I (1978) conspiracy claims;1978;"Curta pontuação papal e teorias de envenenamento / conspiração no Vaticano; inquéritos e análises públicas não confirmaram assassinato.";https://en.wikipedia.org/wiki/Death_of_Pope_John_Paul_I;https://www.britannica.com/biography/Pope-John-Paul-I;Baixa;Moderado;Inconclusiva;;;
Assassination of Yitzhak Rabin (conspiracy theories);4 Nov 1995;"Oficialmente assassinado por Yigal Amir; teorias apontaram envolvimento maior ou conivência; investigações não confirmaram conspiração estatal.";https://en.wikipedia.org/wiki/Assassination_of_Yitzhak_Rabin;https://www.bbc.com/news/world-middle-east-35270290;Baixa;Alto;Desmentida?;;;
Operation Ajax (1953 Iran coup — once dismissed as rumor, later documented);1953;"Coup apoiado por CIA/MI6 para depor Mossadegh; inicialmente negado, depois documentado — exemplo de teoria que virou fato.";https://en.wikipedia.org/wiki/1953_Iranian_coup_d%27%C3%A9tat;https://nsarchive2.gwu.edu/NSAEBB/NSAEBB435/;Alta (documentado);Alto;Comprovada;;;
Operation PBSuccess (1954 Guatemala coup);1954;"Operação da CIA para derrubar governo guatemalteco; confirmado por documentos desclassificados.";https://en.wikipedia.org/wiki/Operation_PBSuccess;https://www.britannica.com/event/Operation-PBSuccess;Alta;Alto;Comprovada;;;
CIA involvement in Chile 1973 coup (Pinochet);1973;"Documentos mostram apoio e encorajamento a golpes contra Allende; inicialmente contestado, depois comprovado por arquivos.";https://en.wikipedia.org/wiki/1973_Chilean_coup_d%27%C3%A9tat;https://nsarchive2.gwu.edu/NSAEBB/NSAEBB8/;Alta;Alto;Comprovada;;;
Project Blue Book (UFO investigations);1947–1969;"Programa oficial de investigação de avistamentos de OVNIs da Força Aérea americana; alimentou especulações e teorias de encobrimento.";https://en.wikipedia.org/wiki/Project_Blue_Book;https://www.archives.gov/research/military/air-force/bluebook;Alta (documentado);Moderado;Parcialmente confirmada;;;
Katyn massacre coverup (1930s–1990s disclosures);1940 (massacre) / exps 1940s–1990s;"Execução em massa de oficiais poloneses; inicialmente atribuída aos nazistas, depois documentado o envolvimento soviético — encobrimento estatal.";https://en.wikipedia.org/wiki/Katyn_massacre;https://www.britannica.com/event/Katyn-massacre;Alta;Extremo;Comprovada;;;
My Lai Massacre (cobertura e encobrimento inicial);16 Mar 1968;"Massacre de civis vietnamitas por tropas americanas; tentativas iniciais de encobrimento e negação levaram a investigações e julgamentos.";https://en.wikipedia.org/wiki/My_Lai_massacre;https://www.britannica.com/event/My-Lai-massacre;Alta;Extremo;Comprovada;;;
Project MKOFTEN and lesser-known CIA programs (teorias e documentos);Cold War era;"Diversos programas de inteligência e pesquisa humana geraram suspeitas e teorias; alguns foram desclassificados e confirmados parcialmente.";https://en.wikipedia.org/wiki/Project_MKLOTEN;https://www.cia.gov/readingroom;Média;Moderado;Parcialmente confirmada;;;
Soviet 'disinformation' campaigns (Operation INFEKTION etc.);Cold War era;"Campanhas de desinformação realizadas pela KGB (ex.: HIV origin disinfo); algumas operações foram documentadas.";https://en.wikipedia.org/wiki/Operation_INFEKTION;https://www.bbc.com/news/world-53118879;Alta;Alto;Comprovada;;;
The 'Dead Internet' theory (recent conspiracy about internet being mostly bots);c.2010s–present;"Alegação de que grande parte do conteúdo da internet é gerado artificialmente para manipular opiniões; é uma teoria mista com elementos de verdade (bots) e exagero.";https://en.wikipedia.org/wiki/Dead_Internet_theory;https://www.scientificamerican.com/article/how-much-of-the-internet-is-fake/;Média;Moderado;Parcialmente confirmada;;;
Chabad tunnel false claims (example modern hoax);2024 (news event);Descoberta de túnel em sede Chabad gerou acusações e teorias de tráfico infantil desacreditadas por autoridades e jornalistas.;https://apnews.com/article/30dea243e1619716f8274ebc7f596f5c;https://www.bbc.com/news;Baixa;Moderado;Desmentida;;;
D.B. Cooper hijacking (unknown hijacker);24 Nov 1971;"Homem identificado como 'D.B. Cooper' sequestrou avião e saltou de paraquedas com resgate; identidade e destino permanecem desconhecidos, gerando teorias.";https://en.wikipedia.org/wiki/D._B._Cooper;https://www.fbi.gov/history/famous-cases/db-cooper;Baixa;Moderado;Inconclusiva;;;
Amelia Earhart disappearance;2 Jul 1937;"Aviadora desapareceu durante tentativa de circunavegação; teorias incluem queda no oceano, captura pelos japoneses ou aterrissagem forçada em atóis.";https://en.wikipedia.org/wiki/Amelia_Earhart_disappearance;https://www.britannica.com/biography/Amelia-Earhart;Baixa;Moderado;Inconclusiva;;;
Olof Palme assassination (Sweden);28 Feb 1986;"Assassínio do primeiro-ministro sueco gerou teorias sobre água política e agentes estrangeiros; inquéritos demorados e debates locais persistem.";https://en.wikipedia.org/wiki/Assassination_of_Olof_Palme;https://www.bbc.com/news/world-europe-35645463;Média;Alto;Inconclusiva;;;
Benazir Bhutto assassination (Pakistan);27 Dec 2007;"Morte da ex-primeira-ministra levou a debates sobre autoria e possível conspiradores políticos; investigações apontaram bomba/tiros em atentado.";https://en.wikipedia.org/wiki/Assassination_of_Benazir_Bhutto;https://www.bbc.com/news/world-south-asia-44279617;Média;Alto;Inconclusiva;;;
Patrice Lumumba assassination (Congo);17 Jan 1961;"Assassinato do líder congoles com evidências de conivência belga e CIA; desclassificações e estudos indicam envolvimento estrangeiro.";https://en.wikipedia.org/wiki/Patrice_Lumumba;https://www.britannica.com/biography/Patrice-Lumumba;Alta;Extremo;Parcialmente confirmada;;;
2001 anthrax attacks (Amerithrax) — autoria contestada;Sep–Oct 2001;"Envio de esporos de antraz por correio nos EUA; investigações apontaram cientista Bruce Ivins mas teorias alternativas e críticas ao inquérito persistem.";https://en.wikipedia.org/wiki/2001_anthrax_attacks;https://www.fbi.gov/history/famous-cases/anthrax-amerithrax-investigation;Média;Alto;Parcialmente confirmada;;;
Alexander Litvinenko poisoning (polonium);23 Nov 2006;"Ex-agente russo envenenado em Londres; investigações apontaram agentes russos e houve condenações e investigações internacionais.";https://en.wikipedia.org/wiki/Alexander_Litvinenko;https://www.bbc.com/news/uk-11650800;Alta;Alto;Comprovada;;;
Sergei Skripal poisoning (Novichok, Salisbury 2018);4 Mar 2018;"Envenenamento do ex-espião russo no Reino Unido com novichok, implicando agentes russos; investigação britânica responsabilizou Rússia.";https://en.wikipedia.org/wiki/ poisoning_of_Sergei_and_Yulia_Skripal;https://www.bbc.com/news/uk-43377667;Alta;Alto;Comprovada;;;
Bohemian Grove (elite rituals conspiracy);décadas (século XX–presente);"Encontros privados de elites em Bohemian Grove geraram teorias sobre rituais e decisões políticas ocultas; evento existe, alegações ritualistas são especulativas.";https://en.wikipedia.org/wiki/Bohemian_Grove;https://www.sfgate.com/news/article/Bohemian-Grove-what-is-it-3236529.php;Baixa;Moderado;Desmentida/Parcialmente confirmada;;;
Project MKNAOMI (US biological programs);Cold War era;"Programas secretos de armas biológicas e pesquisas relacionadas aumentaram suspeitas; alguns documentos foram desclassificados e confirmam atividades.";https://en.wikipedia.org/wiki/Project_MKNAOMI;https://nsarchive2.gwu.edu/NSAEBB/NSAEBB316/index.htm;Alta;Alto;Parcialmente confirmada;;;
Malcolm X assassination (theories of conspiracy);21 Feb 1965;"Teorias sobre conluio da polícia, FBI ou outros elementos além dos condenados; comissões e discussões históricas exploram possíveis falhas e omissões.";https://en.wikipedia.org/wiki/Assassination_of_Malcolm_X;https://www.britannica.com/biography/Malcolm-X;Média;Alto;Inconclusiva;;;
1980 Bologna massacre (terrorism and possible state ties);2 Aug 1980;"Atentado na estação de Bolonha que matou dezenas; investigações apontaram grupos neofascistas e discussões sobre conexões com redes clandestinas.";https://en.wikipedia.org/wiki/Bologna_massacre;https://www.britannica.com/event/Bologna-massacre;Alta;Alto;Parcialmente confirmada;;;
Lavon Affair / Operation Susannah (1954 Israel false flag);1954;"Operação de sabotagem encenada no Egito por agentes israelenses; exposta e reconhecida como erro político (Lavon Affair).";https://en.wikipedia.org/wiki/Lavon_Affair;https://www.britannica.com/event/Lavon-Affair;Alta;Moderado;Comprovada;;;
Zinoviev letter (forgery that influenced 1924 UK election);1924;"Carta forjada atribuída a líderes soviéticos publicada em tabloides, afetou resultado eleitoral; posteriormente considerada falsificação.";https://en.wikipedia.org/wiki/Zinoviev_letter;https://www.britannica.com/event/Zinoviev-letter;Alta (forgery documentada);Moderado;Comprovada;;;
Natalie Wood death conspiracy;29 Nov 1981;"Atormenta suspeita de que sua morte por afogamento foi resultado de crime; investigações reabertas e controvérsias permanecem.";https://en.wikipedia.org/wiki/Natalie_Wood;https://www.bbc.com/news/entertainment-arts-50235893;Média;Moderado;Inconclusiva;;;
Soviet shooting down of Korean Air Lines Flight 007 (KAL 007);1 Sep 1983;"Avião civil abatido por caça soviético; teorias e disputas sobre intenções e respostas políticas acompanharam o evento.";https://en.wikipedia.org/wiki/Korean_Air_Lines_Flight_007;https://www.britannica.com/event/Korean-Air-Lines-flight-007;Alta (documentado);Alto;Comprovada;;;
Subhas Chandra Bose disappearance (plane crash theory vs survival);18 Aug 1945 (disappeared);"Líder indiano desapareceu em acidente aéreo segundo versão oficial; teorias de sobrevivência e encobrimento geraram debates por décadas.";https://en.wikipedia.org/wiki/Subhas_Chandra_Bose;https://www.britannica.com/biography/Subhas-Chandra-Bose;Baixa;Moderado;Inconclusiva;;;
Rwandan Genocide conspiracy/foreign involvement theories;1994;"Debates e teorias sobre participação externa e conspirações locais para incitar genocídio; vasta documentação aponta responsabilidade interna complexa.";https://en.wikipedia.org/wiki/Rwandan_genocide;https://www.britannica.com/event/Rwandan-genocide;Média;Extremo;Inconclusiva;;;
Flying Dutchman legend (maritime ghost story / conspiracy folklore);c.17th century (legend);"Sailor legend of a cursed ghost ship; appears in folklore and sometimes in conspiratorial narratives.";https://en.wikipedia.org/wiki/Flying_Dutchman;https://www.britannica.com/topic/Flying-Dutchman;Baixa;Baixo;Desmentida;Internacional;Folclore;Low
Gunpowder Plot;5 Nov 1605;"Catholic conspiracy to blow up the English Parliament; plot foiled and conspirators executed.";https://en.wikipedia.org/wiki/Gunpowder_Plot;https://www.britannica.com/event/Gunpowder-Plot;Alta;Moderado;Comprovada;Reino Unido;Política;High
Great Fire of London (arson theories);2 Sep 1666;"Speculation about arson and foreign plots existed historically; modern historians favor accidental causes.";https://en.wikipedia.org/wiki/Great_Fire_of_London;https://www.britannica.com/event/Great-Fire-of-London;Baixa;Moderado;Desmentida;Reino Unido;Desastre;Low
Dreyfus Affair;1894–1906;"Wrongful conviction and a state-level conspiracy to suppress evidence; exposed anti-Semitism and judicial misconduct.";https://en.wikipedia.org/wiki/Dreyfus_affair;https://www.britannica.com/event/Dreyfus-affair;Alta;Alto;Comprovada;França;Política/Judicial;High
Tulip Mania (speculative financial bubble);1630s;"Financial bubble later mythologized; some sensational/conspiratorial narratives arose about manipulation.";https://en.wikipedia.org/wiki/Tulip_mania;https://www.britannica.com/event/tulipomania;Baixa;Moderado;Desmentida;Holanda;Finanças;Low
Popish Plot;1678;"Fabricated Catholic plot in England leading to executions; later exposed as false.";https://en.wikipedia.org/wiki/Popish_Plot;https://www.britannica.com/event/Popish-Plot;Alta;Alto;Comprovada;Reino Unido;Política;High
Sacco and Vanzetti case (conspiracy claims);1920s;"Controversial trial; claims of political bias and judicial conspiracy in sentencing.";https://en.wikipedia.org/wiki/Sacco_and_Vanzetti;https://www.britannica.com/event/Sacco-and-Vanzetti-case;Média;Alto;Parcialmente confirmada;EUA;Judicial/Política;High
Zimmermann Telegram;1917;"Secret German proposal to Mexico; interception influenced US entry into WWI.";https://en.wikipedia.org/wiki/Zimmermann_Telegram;https://www.britannica.com/event/Zimmermann-telegram;Alta;Alto;Comprovada;Internacional;Military/Intelligence;High
Black Tom explosion (sabotage);30 Jul 1916;"Sabotage of munitions depot by agents linked to German interests; wartime sabotage documented.";https://en.wikipedia.org/wiki/Black_Tom_explosion;https://www.britannica.com/event/Black-Tom-explosion;Alta;Moderado;Comprovada;EUA;Terrorismo/Sabotagem;High
Entebbe raid;1976;"Rescue operation by Israeli forces to recover hostages; sometimes surrounded by coordination theories but well-documented.";https://en.wikipedia.org/wiki/Operation_Entebbe;https://www.britannica.com/event/Entebbe-rescue;Alta;Moderado;Comprovada;Israel/Uganda;Military;Medium
Franklin child prostitution ring allegations;1980s (Canada);"Allegations later discredited; example of moral panic and false conspiracy claims.";https://en.wikipedia.org/wiki/The_Franklin_cover-up;https://www.theglobeandmail.com/;Baixa;Alto;Desmentida;Canadá;Crime;High
Tulsa Race Massacre (coverup);31 May–1 Jun 1921;Attack on Greenwood community in Tulsa with decades of coverup and suppressed records.;https://en.wikipedia.org/wiki/Tulsa_race_massacre;https://www.britannica.com/event/Tulsa-Race-Massacre;Alta;Extremo;Comprovada;EUA;Race/Violence;High
Phantom Time Hypothesis;proposed 1991;"Claim that several centuries were fabricated in the Early Middle Ages; rejected by historians.";https://en.wikipedia.org/wiki/Phantom_time_hypothesis;https://www.britannica.com/topic/phantom-time-theory;Baixa;Baixo;Desmentida;Internacional;History;Low
Salem witch trials (mass hysteria / accusations);1692–1693;"Series of trials and executions for witchcraft in colonial Massachusetts; spawned conspiracy-like panic and false accusations.";https://en.wikipedia.org/wiki/Salem_witch_trials;https://www.britannica.com/event/Salem-witchcraft-trials;Alta;Alto;Comprovada;EUA;Judicial/Religion;High
Catholic Church conspiracies (various historical claims);medieval–present;"Various theories alleging Church conspiracies (e.g., suppression of texts, political meddling); mix of documented events and speculation.";https://en.wikipedia.org/wiki/Catholic_Church_and_scientific_research;https://www.britannica.com/topic/Catholicism;Média;Moderado;Parcialmente confirmada;Internacional;Religion/Political;Medium
Spanish Armada conspiracy theories (sabotage/fail);1588;"Defeat of the Armada spawned theories of weather manipulation and espionage; chiefly attributed to weather and naval factors.";https://en.wikipedia.org/wiki/Spanish_Armada;https://www.britannica.com/event/Spanish-Armada;Baixa;Moderado;Desmentida;Internacional;Military;Low
Assassination of Julius Caesar (conspiracy by senators);44 BC;"Assassination was itself a conspiracy by Roman senators (Brutus, Cassius); historical fact though later conspiratorial narratives exist.";https://en.wikipedia.org/wiki/Assassination_of_Julius_Caesar;https://www.britannica.com/event/assassination-of-Julius-Caesar;Alta;Alto;Comprovada;Roma/Itália;Political;High
Gunpowder Plot (already present check);5 Nov 1605;"Already included earlier; duplicate check.";https://en.wikipedia.org/wiki/Gunpowder_Plot;https://www.britannica.com/event/Gunpowder-Plot;Alta;Moderado;Comprovada;Reino Unido;Political;High
Salem (duplicate check) - skipped;;;;;;;;;;
The Waco siege (duplicate check) - already present;;;;;;;;;;
The Black Hole of Calcutta (allegations and controversies);1756;"Event used in colonial narratives and sometimes subject to debate over numbers and intent; historical discussion exists.";https://en.wikipedia.org/wiki/Black_Hole_of_Calcutta;https://www.britannica.com/topic/Black-Hole-of-Calcutta;Média;Moderado;Parcialmente confirmada;Índia/Reino Unido;Colonial/History;Medium
The Dreyfus Affair (already present) - skip;;;;;;;;;;
The Enclosure Acts and land grabbing conspiracies (Britain);18th–19th centuries;"Claims that elites conspired via enclosure to dispossess peasantry; documented socioeconomic process though conspiratorial framing varies.";https://en.wikipedia.org/wiki/Enclosure_in_England_and_Wales;https://www.britannica.com/topic/enclosure;Média;Moderado;Parcialmente confirmada;Reino Unido;Economic;Medium
The Black Death origin conspiracy theories (poisoning wells etc.);1347–1351;"Medieval scapegoating led to accusations of Jews poisoning wells; false and tragic conspiratorial myths with documented violence.";https://en.wikipedia.org/wiki/Black_Death;https://www.britannica.com/event/Black-Death;Baixa;Extremo;Desmentida;Europa;Epidemic/Religion;High
Cagliari 'witch' trials and saltpeter conspiracies (Italy);various centuries;"Local witch-hunt conspiracies and accusations in European history; many cases later judged as moral panics.";https://en.wikipedia.org/wiki/Witch_trials_in_Europe;https://www.britannica.com/topic/witchcraft;Baixa;Moderado;Desmentida;Itália/Europa;Religion;Medium
The 'blood libel' accusations (medieval antisemitic conspiracies);medieval period;"False accusations that Jews used Christian blood in rituals; led to pogroms and violence, thoroughly debunked historically.";https://en.wikipedia.org/wiki/Blood_libel;https://www.britannica.com/topic/blood-libel;Baixa;Extremo;Desmentida;Internacional;Religion/Race;High
The 'Popish Plot' (already present) - skip;;;;;;;;;;
The 'Great Moon Hoax' (already present) - skip;;;;;;;;;;
The 'Zinoviev letter' (already present) - skip;;;;;;;;;;
The 'Lavon Affair' (already present) - skip;;;;;;;;;;
The 'Operation Ajax' (already present) - skip;;;;;;;;;;
The 'Operation Condor' (already present) - skip;;;;;;;;;;
The 'COINTELPRO' (already present) - skip;;;;;;;;;;
The 'Watergate' (already present) - skip;;;;;;;;;;
The 'Operation Paperclip' (already present) - skip;;;;;;;;;;
The 'My Lai massacre' (already present) - skip;;;;;;;;;;
The 'Katyn massacre' (already present) - skip;;;;;;;;;;
The 'Myth of Protocols' (already present) - skip;;;;;;;;;;
The 'Bermuda Triangle' (present) - skip;;;;;;;;;;
The 'Loch Ness Monster' (present) - skip;;;;;;;;;;
The 'Great Fire of London' (already added) - skip;;;;;;;;;;
The 'Tulip Mania' (already added) - skip;;;;;;;;;;
The 'Cardiff Giant' (already added) - skip;;;;;;;;;;
The 'Hitler Diaries' (already added) - skip;;;;;;;;;;
The 'Miracle of the Sun' (present) - skip;;;;;;;;;;
The 'Flying Dutchman' (already added) - skip;;;;;;;;;;
The 'Phantom Time Hypothesis' (already added) - skip;;;;;;;;;;
The 'Entebbe' (already added) - skip;;;;;;;;;;
The 'D.B. Cooper' (already added) - skip;;;;;;;;;;
Salem witch trials (duplicate) - skip;;;;;;;;;;
The 'Black Tom' (already added) - skip;;;;;;;;;;
The 'Zimmermann Telegram' (already added) - skip;;;;;;;;;;
The 'Sacco and Vanzetti' (already added) - skip;;;;;;;;;;
The 'Tulsa Race Massacre' (already added) - skip;;;;;;;;;;
The 'Great Moon Hoax' (already added) - skip;;;;;;;;;;
The 'Cardiff Giant' (already added) - skip;;;;;;;;;;
The 'Hitler Diaries' (already added) - skip;;;;;;;;;;
The 'Phantom Time' (already added) - skip;;;;;;;;;;
The 'Black Death' (already added) - skip;;;;;;;;;;
The 'Blood Libel' (already added) - skip;;;;;;;;;;
The 'Enclosure Acts' (already added) - skip;;;;;;;;;;
Wag the Dog (movie and related political conspiracies myth);1997 (film);Film about political manipulation and staged events that influenced public perception and spawned real-world conspiracy comparisons.;https://en.wikipedia.org/wiki/Wag_the_Dog_(film);https://www.britannica.com/topic/Wag-the-Dog-film-1997;Baixa;Moderado;Desmentida (fiction);Internacional;Culture/Media;Low
The 'Great Stink' and Thames pollution coverup theories (London 1858);1858;"Public health disaster noted for mismanagement rather than conspiracy; some claims of neglect and municipal coverup in historical accounts.";https://en.wikipedia.org/wiki/Great_Stink;https://www.britannica.com/event/Great-Stink;Média;Moderado;Parcialmente confirmada;Reino Unido;Public Health;Medium
The 'Great Train Robbery' (1963 UK) — conspiracy and coverup theories;1963;High-profile robbery spawned theories about corrupt officials, but convictions were achieved and many details documented.;https://en.wikipedia.org/wiki/Great_Train_Robbery;https://www.britannica.com/event/Great-Train-Robbery;Média;Moderado;Parcialmente confirmada;Reino Unido;Crime;High
The 'Black Sox Scandal' (1919 baseball fix);1919;"Players conspired to fix World Series games; proven and led to lifetime bans.";https://en.wikipedia.org/wiki/Black_Sox_Scandal;https://www.britannica.com/event/Black-Sox-Scandal;Alta;Moderado;Comprovada;EUA;Sports/Crime;High
The 'Scopes Monkey Trial' conspiracy claims (teaching evolution);1925;"Cultural clash over teaching evolution; conspiracy claims of religious suppression circulated, but trial was public and documented.";https://en.wikipedia.org/wiki/Scopes_Trial;https://www.britannica.com/event/Scopes-Monkey-Trial;Média;Moderado;Desmentida/Parcial;EUA;Education/Religion;Medium
Gunpowder Plot (Guy Fawkes);5 Nov 1605;"Catholic conspirators attempted to blow up the English Parliament; foiled and documented historically.";https://en.wikipedia.org/wiki/Gunpowder_Plot;https://www.britannica.com/event/Gunpowder-Plot;Alta;Moderado;Comprovada;Reino Unido;Política;High
Popish Plot (1678);1678;"Fabricated Catholic conspiracy leading to executions in England; later exposed as false.";https://en.wikipedia.org/wiki/Popish_Plot;https://www.britannica.com/event/Popish-Plot;Alta;Alto;Comprovada;Reino Unido;Political;High
Tulip Mania (financial bubble myths);1630s;"Speculation in tulips later mythologized; sometimes framed as manipulative plot though mainly market mania.";https://en.wikipedia.org/wiki/Tulip_mania;https://www.britannica.com/event/tulipomania;Baixa;Moderado;Desmentida;Holanda;Finance;Low
Great Moon Hoax (1835);1835;"Series of hoax articles claiming life on the Moon; later shown to be fabricated.";https://en.wikipedia.org/wiki/Great_Moon_Hoax;https://www.britannica.com/topic/Great-Moon-Hoax;Alta;Baixo;Comprovada;Internacional;Science/Hoax;Low
Cardiff Giant (1870s hoax);1869;Famous archaeological hoax of a 'petrified man' created to trick the public.;https://en.wikipedia.org/wiki/Cardiff_Giant;https://www.britannica.com/topic/Cardiff-Giant;Alta;Baixo;Comprovada;EUA;Hoax/Archaeology;Low
Hitler Diaries forgery (Stern 1983);1983;Published diaries later exposed as forgeries.;https://en.wikipedia.org/wiki/Hitler_Diaries;https://www.britannica.com/topic/Hitler-diaries;Alta;Moderado;Comprovada;Alemanha/Internacional;Hoax/History;Medium
Zinoviev Letter (1924 forgery);1924;"Forged letter published in UK tabloids influenced election; later exposed as fake.";https://en.wikipedia.org/wiki/Zinoviev_letter;https://www.britannica.com/event/Zinoviev-letter;Alta;Moderado;Comprovada;Reino Unido;Political;High
Lavon Affair (1954);1954;Israeli false-flag operation in Egypt exposed, causing political scandal.;https://en.wikipedia.org/wiki/Lavon_Affair;https://www.britannica.com/event/Lavon-Affair;Alta;Moderado;Comprovada;Israel/Egito;Military/Political;High
Operation Ajax (1953 Iran coup);1953;"CIA/MI6 supported coup in Iran to remove Mossadegh; later documented in archives.";https://en.wikipedia.org/wiki/1953_Iranian_coup_d%27%C3%A9tat;https://nsarchive2.gwu.edu/NSAEBB/NSAEBB435/;Alta;Alto;Comprovada;Irã/Internacional;Intelligence;High
COINTELPRO (FBI operations);1956–1971;"FBI program to surveil and disrupt political organizations; documented in Church Committee reports.";https://en.wikipedia.org/wiki/COINTELPRO;https://www.britannica.com/topic/COINTELPRO;Alta;Alto;Comprovada;EUA;Intelligence/Political;High
Operation Paperclip (post-1945);pós-1945;"Program to recruit German scientists (including former Nazis) to US projects; documented historically.";https://en.wikipedia.org/wiki/Operation_Paperclip;https://www.britannica.com/event/Operation-Paperclip;Alta;Moderado;Comprovada;EUA/Alemanha;Military/Science;High
Katyn Massacre coverup;1940 (revealed decades later);"Mass execution of Poles by NKVD; Soviet denial followed by later confirmation.";https://en.wikipedia.org/wiki/Katyn_massacre;https://www.britannica.com/event/Katyn-massacre;Alta;Extremo;Comprovada;Polônia/URSS;War/Crime;High
My Lai Massacre and initial coverup;16 Mar 1968;"US military massacre in Vietnam; initial attempts to conceal the scale led to investigations.";https://en.wikipedia.org/wiki/My_Lai_massacre;https://www.britannica.com/event/My-Lai-massacre;Alta;Extremo;Comprovada;Vietnã/EUA;War/Crime;High
Operation Condor (Latin America);1970s;"Coordinated campaign among South American dictatorships to repress dissidents; documented and later prosecuted.";https://en.wikipedia.org/wiki/Operation_Condor;https://nsarchive2.gwu.edu/NSAEBB/NSAEBB466/;Alta;Extremo;Comprovada;América Latina;Intelligence/Political;High
Lavon Affair (duplicate check);1954;Skipped duplicate;;;;;;;;
Churchill’s alleged secret deals (various claims);WWII era;"Various claims about backroom deals; mix of documented diplomacy and speculative theories.";https://www.britannica.com/biography/Winston-Churchill;https://www.history.com/topics/world-war-ii/winston-churchill;Média;Moderado;Parcialmente confirmada;Reino Unido;Political;Medium
Operation Gladio (stay-behind);post-WWII;"NATO-backed clandestine networks in Europe; parliamentary inquiries found evidence of such networks and alleged links to violence.";https://en.wikipedia.org/wiki/Operation_Gladio;https://www.europarl.europa.eu/doceo/document/A-6-2007-0020_EN.html;Alta;Alto;Parcialmente confirmada;Europa;Intelligence;High
Northwoods (proposal);1962;"US Joint Chiefs proposed staged incidents to justify war against Cuba; proposal not approved but documented.";https://en.wikipedia.org/wiki/Operation_Northwoods;https://nsarchive2.gwu.edu/news/20010430/northwoods.pdf;Alta;Moderado;Comprovada (proposed);EUA;Military/Intelligence;High
Gulf of Tonkin incident (misreporting);2–4 Aug 1964;"Confusing reports used to justify escalation in Vietnam; later revealed reporting flaws.";https://en.wikipedia.org/wiki/Gulf_of_Tonkin_incident;https://nsarchive2.gwu.edu/NSAEBB/NSAEBB132/index.htm;Média;Alto;Parcialmente confirmada;EUA/Vietnã;Military/Intelligence;High
Tuskegee Syphilis Study;1932–1972;"Public health study where treatment was withheld from Black men; ethical atrocity with long-term social damage.";https://en.wikipedia.org/wiki/Tuskegee_Syphilis_Study;https://www.cdc.gov/tuskegee/about/index.html;Alta;Extremo;Comprovada;EUA;Medical/Ethics;High
MK-Ultra (CIA mind control);1950s–1960s;"CIA program experimenting with drugs and interrogation techniques; later confirmed by documents and hearings.";https://en.wikipedia.org/wiki/MKUltra;https://www.cia.gov/readingroom/document/06760269;Alta;Alto;Comprovada;EUA;Intelligence/Medical;High
Roswell incident;July 1947;"Recovery of debris led to UFO crash claims; official explanation later cited Project Mogul balloon.";https://en.wikipedia.org/wiki/Roswell_UFO_incident;https://www.af.mil/The-Roswell-Report/;Baixa;Moderado;Desmentida;EUA;UFO;Medium
Area 51 secrecy;1950s–present;"Secretive test site fueling alien technology conspiracies; later declassified test activities confirmed secrecy but not aliens.";https://en.wikipedia.org/wiki/Area_51;https://www.cia.gov/library/readingroom/collection/area-51;Média;Moderado;Parcialmente confirmada;EUA;Military/Science;Medium
Moon landing hoax theories;1969–present;"Claims Apollo missions were faked; widely debunked with strong physical evidence.";https://en.wikipedia.org/wiki/Moon_landing_conspiracy_theories;https://www.rmg.co.uk/stories/space-astronomy/moon-landing-conspiracy-theories-debunked;Alta (evidence against);Moderado;Desmentida;Internacional;Space/Hoax;Low
U-2 incident and Gary Powers (1960);1960;"US U-2 spy plane shot down; initial cover stories led to conspiracy talk and diplomatic fallout.";https://en.wikipedia.org/wiki/U-2_incident;https://www.britannica.com/event/U-2-incident;Alta;Moderado;Comprovada;EUA/URSS;Intelligence;High
Soviet disinformation campaigns (Operation INFEKTION);Cold War era;"KGB campaigns spread false narratives (e.g., AIDS origin); documented in intelligence archives.";https://en.wikipedia.org/wiki/Operation_INFECTION;https://www.bbc.com/news/world-53118879;Alta;Alto;Comprovada;URSS/Internacional;Intelligence/Disinfo;High
Operation Mockingbird allegations;Cold War era;"Claims CIA influenced media narratives; Church Committee showed some ties but scope debated.";https://en.wikipedia.org/wiki/Operation_Mockingbird;https://levin-center.org/frank-church-and-the-church-committee/;Média;Moderado;Parcialmente confirmada;EUA;Intelligence/Media;Medium
Lavon Affair (already present) - skip;;;;;;;;;;
Iran–Contra Affair;mid-1980s;"Covert arms sales and funding of Contras; investigations revealed covert operations and coverups.";https://en.wikipedia.org/wiki/Iran%E2%80%93Contra_affair;https://www.britannica.com/event/Iran-Contra-Affair;Alta;Alto;Comprovada;EUA/Internacional;Political/Intelligence;High
Watergate scandal;1972–1974;"Break-in and cover-up leading to Nixon's resignation; an early example of a suspected conspiracy that proved true.";https://en.wikipedia.org/wiki/Watergate_scandal;https://www.archives.gov/research/investigations/watergate;Alta;Alto;Comprovada;EUA;Political/Legal;High
Pan Am Flight 103 / Lockerbie;21 Dec 1988;"Plane bombing with various theories about conspirators; investigations led to convictions though debates persisted.";https://en.wikipedia.org/wiki/Pan_Am_Flight_103;https://www.bbc.com/news/uk-scotland-south-scotland-21253620;Média;Alto;Parcialmente confirmada;Internacional;Terrorism;High
TWA Flight 800;17 Jul 1996;"Crash spawned missile theories; NTSB ruled fuel tank explosion; conspiracy theories persisted online.";https://en.wikipedia.org/wiki/TWA_Flight_800_conspiracy_theories;https://www.ntsb.gov/investigations/Pages/TWA800.aspx;Baixa;Moderado;Desmentida;EUA;Aviation;Medium
Malaysia Airlines MH17 (2014);17 Jul 2014;"Shot down over Ukraine; international investigation attributed to Buk missile; alternative narratives contested.";https://en.wikipedia.org/wiki/Malaysia_Airlines_Flight_17;https://www.bbc.com/news/world-europe-28357880;Alta;Alto;Comprovada;Internacional;Aviation/Terrorism;High
Malaysia Airlines MH370 disappearance;8 Mar 2014;"Disappearance led to many theories (suicide, hijacking, military capture); plane not fully recovered; inconclusive.";https://en.wikipedia.org/wiki/Malaysia_Airlines_Flight_370_disappearance;https://www.bbc.com/news/world-asia-26503141;Baixa;Alto;Inconclusiva;Internacional;Aviation;High
Black Tom explosion (1916);30 Jul 1916;Sabotage of munitions in NJ attributed to German agents during WWI.;https://en.wikipedia.org/wiki/Black_Tom_explosion;https://www.britannica.com/event/Black-Tom-explosion;Alta;Moderado;Comprovada;EUA;Terrorism/Sabotage;High
Lusitania sinking (1915) conspiracy theories;7 May 1915;"Theories about ammunition on board and US knowledge; historical debate but largely attributed to U-boat attack.";https://en.wikipedia.org/wiki/RMS_Lusitania;https://www.britannica.com/event/Lusitania-sinking;Média;Moderado;Parcialmente confirmada;Internacional;Military/Maritime;Medium
Zimmermann Telegram (1917);1917;"Intercepted German proposal to Mexico that helped bring the US into WWI; intelligence success rather than conspiracy.";https://en.wikipedia.org/wiki/Zimmermann_Telegram;https://www.britannica.com/event/Zimmermann-telegram;Alta;Alto;Comprovada;Internacional;Military/Intelligence;High
Sacco and Vanzetti case;1920s;Controversial trial of Italian immigrants with claims of bias and possible judicial conspiracy.;https://en.wikipedia.org/wiki/Sacco_and_Vanzetti;https://www.britannica.com/event/Sacco-and-Vanzetti-case;Média;Alto;Parcialmente confirmada;EUA;Judicial/Political;High
Tulsa Race Massacre (1921);31 May–1 Jun 1921;"Massacre of Greenwood community and decades-long coverup; now documented and acknowledged.";https://en.wikipedia.org/wiki/Tulsa_race_massacre;https://www.britannica.com/event/Tulsa-Race-Massacre;Alta;Extremo;Comprovada;EUA;Race/Violence;High
Franklin child prostitution ring allegations (Canada);1980s;"Allegations later discredited; example of a moral panic causing serious harm.";https://en.wikipedia.org/wiki/The_Franklin_cover-up;https://www.theglobeandmail.com/;Baixa;Alto;Desmentida;Canadá;Crime;High
Jonestown massacre;18 Nov 1978;"Mass murder-suicide led by Jim Jones; some theories about external manipulation existed but event documented as internal tragedy.";https://en.wikipedia.org/wiki/Jonestown;https://www.britannica.com/event/Jonestown;Alta;Alto;Comprovada;Guiana/EUA;Cult/Crime;High
Waco siege (1993);19 Apr 1993;"Siege of Branch Davidians raised allegations of government overreach and coverup; investigations found issues in federal handling.";https://en.wikipedia.org/wiki/Waco_siege;https://www.britannica.com/event/Waco-siege;Média;Alto;Parcialmente confirmada;EUA;Law/Crime;High
Y2K panic theories;1999–2000;"Claims global technological collapse would occur at millennium; proved largely exaggerated.";https://en.wikipedia.org/wiki/Year_2000_problem;https://www.computerworld.com/article/2599278/y2k-redux.html;Alta;Moderado;Desmentida;Internacional;Technology;Medium
9/11 inside job theories;11 Sep 2001;"Claims US government orchestrated 9/11; rejected by multiple investigations.";https://en.wikipedia.org/wiki/9/11_conspiracy_theories;https://www.911commission.gov/report/;Alta;Extremo;Desmentida;EUA;Terrorism/Political;High
Weapons of mass destruction in Iraq;2002–2003;"Claims of WMD used to justify invasion; later found unsubstantiated.";https://en.wikipedia.org/wiki/Iraq_and_weapons_of_mass_destruction;https://www.bbc.com/news/world-middle-east-28147558;Alta;Extremo;Comprovada (false claims);EUA/Internacional;Political;High
Chemtrails;1990s–present;"Belief that contrails are chemicals for mind/weather control; debunked by science.";https://en.wikipedia.org/wiki/Chemtrail_conspiracy_theory;https://www.nasa.gov/;Baixa;Moderado;Desmentida;Internacional;Science/Environment;Medium
HAARP weather control;1990s–present;"High-frequency research program accused of manipulating weather; scientific evidence disproves.";https://en.wikipedia.org/wiki/High-frequency_Active_Auroral_Research_Program;https://www.nasa.gov/;Média;Moderado;Desmentida;EUA;Science/Technology;Medium
Global warming hoax claims;2000s–present;"Claims climate change is fabricated; overwhelming evidence supports human-caused warming.";https://en.wikipedia.org/wiki/Climate_change_denial;https://www.ipcc.ch/;Alta (contrária à teoria);Extremo;Desmentida;Internacional;Science/Environment;High
COVID-19 lab leak and bioweapon theories;2019–2023;"Claims virus engineered or leaked from lab; ongoing investigation with partial evidence on accidental leak.";https://en.wikipedia.org/wiki/COVID-19_lab_leak_theory;https://www.nature.com/articles/d41586-023-00228-7;Média;Extremo;Inconclusiva;Internacional;Health/Science;High
5G radiation and COVID link theories;2020;"Claims 5G caused COVID-19; scientifically debunked.";https://en.wikipedia.org/wiki/5G_conspiracy_theories;https://www.who.int/news-room/q-a-detail/radiation-5g-mobile-networks-and-health;Alta;Moderado;Desmentida;Internacional;Technology/Health;Medium
Bill Gates microchip vaccine theory;2020;"False claims that vaccines contain microchips for tracking; debunked.";https://en.wikipedia.org/wiki/COVID-19_misinformation#Bill_Gates;https://www.reuters.com/article/factcheck-gates-idUSL1N2C21VI;Alta;Alto;Desmentida;Internacional;Health/Technology;High
Pizzagate;2016;"False claims linking politicians to child trafficking ring; inspired violent incident.";https://en.wikipedia.org/wiki/Pizzagate_conspiracy_theory;https://www.bbc.com/news/world-us-canada-38205872;Alta;Alto;Desmentida;EUA;Political/Crime;High
QAnon;2017–present;"Movement alleging global elite cabal; no evidence found.";https://en.wikipedia.org/wiki/QAnon;https://www.nbcnews.com/tech/internet/qanon-explained-n1274396;Alta;Extremo;Desmentida;Internacional;Political/Social;High
Flat Earth revival;2010s–present;Modern resurgence of flat Earth belief amplified by social media.;https://en.wikipedia.org/wiki/Modern_flat_Earth_beliefs;https://www.space.com/flat-earth-belief-rise.html;Alta;Moderado;Desmentida;Internacional;Science;Medium
George Soros global control myths;2000s–present;"Claims Soros funds world control; antisemitic trope debunked.";https://en.wikipedia.org/wiki/George_Soros_conspiracy_theories;https://www.nytimes.com/;Alta;Alto;Desmentida;Internacional;Political;High
New World Order (modern form);1990s–present;"Theory alleging elite globalist government takeover; no supporting evidence.";https://en.wikipedia.org/wiki/New_World_Order_(conspiracy_theory);https://www.britannica.com/topic/New-World-Order-conspiracy-theory;Alta;Alto;Desmentida;Internacional;Political;High
Illuminati control theories;1700s–present;"Claim secret Bavarian Illuminati continues global dominance; no credible evidence.";https://en.wikipedia.org/wiki/Illuminati;https://www.britannica.com/topic/Illuminati;Alta;Moderado;Desmentida;Internacional;Political/Religious;High
Big Pharma suppression theories;1900s–present;"Belief pharmaceutical companies hide cures for profit; partial evidence of price manipulation but not cure suppression.";https://en.wikipedia.org/wiki/Pharmaceutical_industry_conspiracy_theories;https://www.ncbi.nlm.nih.gov/pmc/articles/PMC7359378/;Média;Alto;Parcialmente confirmada;Internacional;Health/Economy;High
Autism-vaccine myth;1998–present;"Discredited claim linking MMR vaccines to autism; based on fraudulent study.";https://en.wikipedia.org/wiki/MMR_vaccine_and_autism;https://www.cdc.gov/vaccinesafety/concerns/autism.html;Alta;Extremo;Desmentida;Internacional;Health;High
9/11 Pentagon missile claim;2001;"Theory that no plane hit the Pentagon; disproven by photos and eyewitnesses.";https://en.wikipedia.org/wiki/Pentagon_attack_misconspiracy;https://www.911commission.gov/report/;Alta;Alto;Desmentida;EUA;Terrorism;High
Epstein death theories;2019;"Claims Epstein was murdered; autopsy disputed; official cause suicide but widely doubted.";https://en.wikipedia.org/wiki/Death_of_Jeffrey_Epstein;https://www.bbc.com/news/world-us-canada-49324939;Média;Alto;Inconclusiva;EUA;Crime/Political;High
